<?xml version="1.0" encoding="UTF-8"?>
<sbml xmlns="http://www.sbml.org/sbml/level3/version1/core" xmlns:fbc="http://www.sbml.org/sbml/level3/version1/fbc/version2" xmlns:groups="http://www.sbml.org/sbml/level3/version1/groups/version1" sboTerm="SBO:0000062" level="3" version="1" fbc:required="false" groups:required="false">
  <model metaid="meta_Glycolysis_Hb" id="Glycolysis_Hb" fbc:strict="false">
    <listOfUnitDefinitions>
      <unitDefinition id="mM" name="Millimolar">
        <listOfUnits>
          <unit kind="mole" exponent="1" scale="-3" multiplier="1"/>
          <unit kind="litre" exponent="-1" scale="0" multiplier="1"/>
        </listOfUnits>
      </unitDefinition>
      <unitDefinition id="hr" name="hour">
        <listOfUnits>
          <unit kind="second" exponent="1" scale="0" multiplier="3600"/>
        </listOfUnits>
      </unitDefinition>
      <unitDefinition id="mmol_per_gDW_per_hr" name="cobra flux unit">
        <listOfUnits>
          <unit kind="gram" exponent="-1" scale="0" multiplier="1"/>
          <unit kind="second" exponent="-1" scale="0" multiplier="3600"/>
          <unit kind="mole" exponent="1" scale="-3" multiplier="1"/>
        </listOfUnits>
      </unitDefinition>
    </listOfUnitDefinitions>
    <listOfCompartments>
      <compartment id="c" name="Cytosol" spatialDimensions="3" size="1" constant="true"/>
      <compartment id="b" name="boundary" spatialDimensions="3" size="1" constant="true"/>
    </listOfCompartments>
    <listOfSpecies>
      <species id="M_glc__D_c" name="D-Glucose" compartment="c" initialConcentration="1.23916717849293" hasOnlySubstanceUnits="false" boundaryCondition="false" constant="false" fbc:charge="0" fbc:chemicalFormula="C6H12O6"/>
      <species id="M_g6p_c" name="D-Glucose 6-phosphate" compartment="c" initialConcentration="0.0601470646012319" hasOnlySubstanceUnits="false" boundaryCondition="false" constant="false" fbc:charge="-2" fbc:chemicalFormula="C6H11O9P"/>
      <species id="M_f6p_c" name="D-Fructose 6-phosphate" compartment="c" initialConcentration="0.0245342963328463" hasOnlySubstanceUnits="false" boundaryCondition="false" constant="false" fbc:charge="-2" fbc:chemicalFormula="C6H11O9P"/>
      <species id="M_fdp_c" name="D-Fructose 1,6-bisphosphate" compartment="c" initialConcentration="0.0144621270714283" hasOnlySubstanceUnits="false" boundaryCondition="false" constant="false" fbc:charge="-4" fbc:chemicalFormula="C6H10O12P2"/>
      <species id="M_dhap_c" name="Dihydroxyacetone phosphate" compartment="c" initialConcentration="0.159309901383813" hasOnlySubstanceUnits="false" boundaryCondition="false" constant="false" fbc:charge="-2" fbc:chemicalFormula="C3H5O6P"/>
      <species id="M_g3p_c" name="Glyceraldehyde 3-phosphate" compartment="c" initialConcentration="0.00724056969357862" hasOnlySubstanceUnits="false" boundaryCondition="false" constant="false" fbc:charge="-2" fbc:chemicalFormula="C3H5O6P"/>
      <species id="M__13dpg_c" name="3-Phospho-D-glyceroyl phosphate" compartment="c" initialConcentration="0.000239545474506758" hasOnlySubstanceUnits="false" boundaryCondition="false" constant="false" fbc:charge="-4" fbc:chemicalFormula="C3H4O10P2"/>
      <species id="M__3pg_c" name="3-Phospho-D-glycerate" compartment="c" initialConcentration="0.085018013940289" hasOnlySubstanceUnits="false" boundaryCondition="false" constant="false" fbc:charge="-3" fbc:chemicalFormula="C3H4O7P"/>
      <species id="M__2pg_c" name="D-Glycerate 2-phosphate" compartment="c" initialConcentration="0.0124350170384841" hasOnlySubstanceUnits="false" boundaryCondition="false" constant="false" fbc:charge="-3" fbc:chemicalFormula="C3H4O7P"/>
      <species id="M_pep_c" name="Phosphoenolpyruvate" compartment="c" initialConcentration="0.0189238112554427" hasOnlySubstanceUnits="false" boundaryCondition="false" constant="false" fbc:charge="-3" fbc:chemicalFormula="C3H2O6P"/>
      <species id="M_pyr_c" name="Pyruvate" compartment="c" initialConcentration="0.0603010009664665" hasOnlySubstanceUnits="false" boundaryCondition="false" constant="false" fbc:charge="-1" fbc:chemicalFormula="C3H3O3"/>
      <species id="M_lac__L_c" name="L-Lactate" compartment="c" initialConcentration="1.35999987406593" hasOnlySubstanceUnits="false" boundaryCondition="false" constant="false" fbc:charge="-1" fbc:chemicalFormula="C3H5O3"/>
      <species id="M_nad_c" name="Nicotinamide adenine dinucleotide" compartment="c" initialConcentration="0.0588999033533516" hasOnlySubstanceUnits="false" boundaryCondition="false" constant="false" fbc:charge="-1" fbc:chemicalFormula="C21H26N7O14P2Moietynad"/>
      <species id="M_nadh_c" name="Nicotinamide adenine dinucleotide - reduced" compartment="c" initialConcentration="0.0301000966466472" hasOnlySubstanceUnits="false" boundaryCondition="false" constant="false" fbc:charge="-2" fbc:chemicalFormula="C21H27N7O14P2Moietynad"/>
      <species id="M_amp_c" name="AMP" compartment="c" initialConcentration="0.0867281197343643" hasOnlySubstanceUnits="false" boundaryCondition="false" constant="false" fbc:charge="-2" fbc:chemicalFormula="C10H12N5O7P"/>
      <species id="M_adp_c" name="ADP" compartment="c" initialConcentration="0.260515377864036" hasOnlySubstanceUnits="false" boundaryCondition="false" constant="false" fbc:charge="-3" fbc:chemicalFormula="C10H12N5O10P2"/>
      <species id="M_atp_c" name="ATP" compartment="c" initialConcentration="1.29119174742854" hasOnlySubstanceUnits="false" boundaryCondition="false" constant="false" fbc:charge="-4" fbc:chemicalFormula="C10H12N5O13P3"/>
      <species id="M_pi_c" name="Phosphate" compartment="c" initialConcentration="2.5" hasOnlySubstanceUnits="false" boundaryCondition="false" constant="false" fbc:charge="-2" fbc:chemicalFormula="HPO4"/>
      <species id="M_h_c" name="H+" compartment="c" initialConcentration="0.000116855714104616" hasOnlySubstanceUnits="false" boundaryCondition="false" constant="false" fbc:charge="1" fbc:chemicalFormula="H"/>
      <species id="M_h2o_c" name="H2O" compartment="c" initialConcentration="1" hasOnlySubstanceUnits="false" boundaryCondition="false" constant="false" fbc:charge="0" fbc:chemicalFormula="H2O"/>
      <species id="M__23dpg_c" name="2,3-Disphospho-D-glycerate" compartment="c" initialConcentration="3.03906672102833" hasOnlySubstanceUnits="false" boundaryCondition="false" constant="false" fbc:charge="-5" fbc:chemicalFormula="C3H3O10P2"/>
      <species id="M_hb_1o2_c" name="Oxyhemoglobin (1)" compartment="c" initialConcentration="0.0500914943045104" hasOnlySubstanceUnits="false" boundaryCondition="false" constant="false" fbc:charge="0" fbc:chemicalFormula="O2Moietyhb"/>
      <species id="M_hb_c" name="Hemoglobin" compartment="c" initialConcentration="0.0596326877432762" hasOnlySubstanceUnits="false" boundaryCondition="false" constant="false" fbc:charge="0" fbc:chemicalFormula="Moietyhb"/>
      <species id="M_o2_c" name="Oxygen" compartment="c" initialConcentration="0.0200788" hasOnlySubstanceUnits="false" boundaryCondition="false" constant="false" fbc:charge="0" fbc:chemicalFormula="O2"/>
      <species id="M_hb_2o2_c" name="Oxyhemoglobin (2)" compartment="c" initialConcentration="0.0736344498521929" hasOnlySubstanceUnits="false" boundaryCondition="false" constant="false" fbc:charge="0" fbc:chemicalFormula="O4Moietyhb"/>
      <species id="M_hb_3o2_c" name="Oxyhemoglobin (3)" compartment="c" initialConcentration="0.262874290951483" hasOnlySubstanceUnits="false" boundaryCondition="false" constant="false" fbc:charge="0" fbc:chemicalFormula="O6Moietyhb"/>
      <species id="M_hb_4o2_c" name="Oxyhemoglobin (4)" compartment="c" initialConcentration="6.80845614794702" hasOnlySubstanceUnits="false" boundaryCondition="false" constant="false" fbc:charge="0" fbc:chemicalFormula="O8Moietyhb"/>
      <species id="M_dhb_c" name="Deoxyhemoglobin" compartment="c" initialConcentration="0.0453069292015164" hasOnlySubstanceUnits="false" boundaryCondition="false" constant="false" fbc:charge="-5" fbc:chemicalFormula="C3H3O10P2Moietyhb"/>
    </listOfSpecies>
    <listOfParameters>
      <parameter sboTerm="SBO:0000626" id="cobra_default_lb" value="-1000" units="mmol_per_gDW_per_hr" constant="true"/>
      <parameter sboTerm="SBO:0000626" id="cobra_default_ub" value="1000" units="mmol_per_gDW_per_hr" constant="true"/>
      <parameter sboTerm="SBO:0000626" id="cobra_0_bound" value="0" units="mmol_per_gDW_per_hr" constant="true"/>
      <parameter sboTerm="SBO:0000625" id="minus_inf" value="-INF" units="mmol_per_gDW_per_hr" constant="true"/>
      <parameter sboTerm="SBO:0000625" id="plus_inf" value="INF" units="mmol_per_gDW_per_hr" constant="true"/>
      <parameter id="v_R_HEX1" value="1.11999999999997" constant="false"/>
      <parameter id="v_R_PGI" value="1.12000000000001" constant="false"/>
      <parameter id="v_R_PFK" value="1.11999999999997" constant="false"/>
      <parameter id="v_R_FBA" value="1.12000000000031" constant="false"/>
      <parameter id="v_R_TPI" value="1.12" constant="false"/>
      <parameter id="v_R_GAPD" value="2.24000000000015" constant="false"/>
      <parameter id="v_R_PGK" value="1.80766844638271" constant="false"/>
      <parameter id="v_R_PGM" value="2.23999999999998" constant="false"/>
      <parameter id="v_R_ENO" value="2.24" constant="false"/>
      <parameter id="v_R_PYK" value="2.23999999999959" constant="false"/>
      <parameter id="v_R_LDH_L" value="2.01599929476918" constant="false"/>
      <parameter id="v_R_DM_amp_c" value="0.014" constant="false"/>
      <parameter id="v_R_ADK1" value="1.74860126378462e-10" constant="false"/>
      <parameter id="v_R_SK_pyr_c" value="0.224000705230818" constant="false"/>
      <parameter id="v_R_SK_lac__L_c" value="2.01599929476918" constant="false"/>
      <parameter id="v_R_ATPM" value="1.80766844639995" constant="false"/>
      <parameter id="v_R_DM_nadh" value="0.224000705230818" constant="false"/>
      <parameter id="v_R_SK_glc__D_c" value="1.12" constant="false"/>
      <parameter id="v_R_SK_amp_c" value="0.014" constant="false"/>
      <parameter id="v_R_SK_h_c" value="2.68800141046164" constant="false"/>
      <parameter id="v_R_SK_h2o_c" value="0" constant="false"/>
      <parameter id="v_R_SK_pi_c" value="-2.04281036531029e-16" constant="false"/>
      <parameter id="v_R_DPGM" value="0.432331553600048" constant="false"/>
      <parameter id="v_R_DPGase" value="0.432331553600048" constant="false"/>
      <parameter id="v_R_HBO1" value="1.09924005661788e-13" constant="false"/>
      <parameter id="v_R_HBO2" value="0" constant="false"/>
      <parameter id="v_R_HBO3" value="0" constant="false"/>
      <parameter id="v_R_HBO4" value="0" constant="false"/>
      <parameter id="v_R_HBDPG" value="-5.19197684845096e-10" constant="false"/>
      <parameter id="v_R_SK_o2_c" value="0" constant="false"/>
    </listOfParameters>
    <listOfReactions>
      <reaction id="R_HEX1" name="Hexokinase (D-glucose:ATP)" reversible="true" fast="false" fbc:lowerFluxBound="cobra_default_lb" fbc:upperFluxBound="cobra_default_ub">
        <listOfReactants>
          <speciesReference species="M_atp_c" stoichiometry="1" constant="true"/>
          <speciesReference species="M_glc__D_c" stoichiometry="1" constant="true"/>
        </listOfReactants>
        <listOfProducts>
          <speciesReference species="M_adp_c" stoichiometry="1" constant="true"/>
          <speciesReference species="M_g6p_c" stoichiometry="1" constant="true"/>
          <speciesReference species="M_h_c" stoichiometry="1" constant="true"/>
        </listOfProducts>
        <kineticLaw>
          <math xmlns="http://www.w3.org/1998/Math/MathML">
            <apply>
              <times/>
              <ci> kf_R_HEX1 </ci>
              <apply>
                <minus/>
                <apply>
                  <times/>
                  <ci> M_atp_c </ci>
                  <ci> M_glc__D_c </ci>
                </apply>
                <apply>
                  <divide/>
                  <apply>
                    <times/>
                    <ci> M_adp_c </ci>
                    <ci> M_g6p_c </ci>
                  </apply>
                  <ci> Keq_R_HEX1 </ci>
                </apply>
              </apply>
            </apply>
          </math>
          <listOfLocalParameters>
            <localParameter id="kf_R_HEX1" value="0.700007"/>
            <localParameter id="Keq_R_HEX1" value="850"/>
          </listOfLocalParameters>
        </kineticLaw>
      </reaction>
      <reaction id="R_PGI" name="Glucose-6-phosphate isomerase" reversible="true" fast="false" fbc:lowerFluxBound="cobra_default_lb" fbc:upperFluxBound="cobra_default_ub">
        <listOfReactants>
          <speciesReference species="M_g6p_c" stoichiometry="1" constant="true"/>
        </listOfReactants>
        <listOfProducts>
          <speciesReference species="M_f6p_c" stoichiometry="1" constant="true"/>
        </listOfProducts>
        <kineticLaw>
          <math xmlns="http://www.w3.org/1998/Math/MathML">
            <apply>
              <times/>
              <ci> kf_R_PGI </ci>
              <apply>
                <minus/>
                <ci> M_g6p_c </ci>
                <apply>
                  <divide/>
                  <ci> M_f6p_c </ci>
                  <ci> Keq_R_PGI </ci>
                </apply>
              </apply>
            </apply>
          </math>
          <listOfLocalParameters>
            <localParameter id="Keq_R_PGI" value="0.41"/>
            <localParameter id="kf_R_PGI" value="3644.44"/>
          </listOfLocalParameters>
        </kineticLaw>
      </reaction>
      <reaction id="R_PFK" name="Phosphofructokinase" reversible="true" fast="false" fbc:lowerFluxBound="cobra_default_lb" fbc:upperFluxBound="cobra_default_ub">
        <listOfReactants>
          <speciesReference species="M_atp_c" stoichiometry="1" constant="true"/>
          <speciesReference species="M_f6p_c" stoichiometry="1" constant="true"/>
        </listOfReactants>
        <listOfProducts>
          <speciesReference species="M_adp_c" stoichiometry="1" constant="true"/>
          <speciesReference species="M_fdp_c" stoichiometry="1" constant="true"/>
          <speciesReference species="M_h_c" stoichiometry="1" constant="true"/>
        </listOfProducts>
        <kineticLaw>
          <math xmlns="http://www.w3.org/1998/Math/MathML">
            <apply>
              <times/>
              <ci> kf_R_PFK </ci>
              <apply>
                <minus/>
                <apply>
                  <times/>
                  <ci> M_atp_c </ci>
                  <ci> M_f6p_c </ci>
                </apply>
                <apply>
                  <divide/>
                  <apply>
                    <times/>
                    <ci> M_adp_c </ci>
                    <ci> M_fdp_c </ci>
                  </apply>
                  <ci> Keq_R_PFK </ci>
                </apply>
              </apply>
            </apply>
          </math>
          <listOfLocalParameters>
            <localParameter id="kf_R_PFK" value="35.3688"/>
            <localParameter id="Keq_R_PFK" value="310"/>
          </listOfLocalParameters>
        </kineticLaw>
      </reaction>
      <reaction id="R_FBA" name="Fructose-bisphosphate aldolase" reversible="true" fast="false" fbc:lowerFluxBound="cobra_default_lb" fbc:upperFluxBound="cobra_default_ub">
        <listOfReactants>
          <speciesReference species="M_fdp_c" stoichiometry="1" constant="true"/>
        </listOfReactants>
        <listOfProducts>
          <speciesReference species="M_dhap_c" stoichiometry="1" constant="true"/>
          <speciesReference species="M_g3p_c" stoichiometry="1" constant="true"/>
        </listOfProducts>
        <kineticLaw>
          <math xmlns="http://www.w3.org/1998/Math/MathML">
            <apply>
              <times/>
              <ci> kf_R_FBA </ci>
              <apply>
                <minus/>
                <ci> M_fdp_c </ci>
                <apply>
                  <divide/>
                  <apply>
                    <times/>
                    <ci> M_dhap_c </ci>
                    <ci> M_g3p_c </ci>
                  </apply>
                  <ci> Keq_R_FBA </ci>
                </apply>
              </apply>
            </apply>
          </math>
          <listOfLocalParameters>
            <localParameter id="Keq_R_FBA" value="0.082"/>
            <localParameter id="kf_R_FBA" value="2834.57"/>
          </listOfLocalParameters>
        </kineticLaw>
      </reaction>
      <reaction id="R_TPI" name="Triose-phosphate isomerase" reversible="true" fast="false" fbc:lowerFluxBound="cobra_default_lb" fbc:upperFluxBound="cobra_default_ub">
        <listOfReactants>
          <speciesReference species="M_dhap_c" stoichiometry="1" constant="true"/>
        </listOfReactants>
        <listOfProducts>
          <speciesReference species="M_g3p_c" stoichiometry="1" constant="true"/>
        </listOfProducts>
        <kineticLaw>
          <math xmlns="http://www.w3.org/1998/Math/MathML">
            <apply>
              <times/>
              <ci> kf_R_TPI </ci>
              <apply>
                <minus/>
                <ci> M_dhap_c </ci>
                <apply>
                  <divide/>
                  <ci> M_g3p_c </ci>
                  <ci> Keq_R_TPI </ci>
                </apply>
              </apply>
            </apply>
          </math>
          <listOfLocalParameters>
            <localParameter id="kf_R_TPI" value="34.3558"/>
            <localParameter id="Keq_R_TPI" value="0.0571429"/>
          </listOfLocalParameters>
        </kineticLaw>
      </reaction>
      <reaction id="R_GAPD" name="Glyceraldehyde-3-phosphate dehydrogenase" reversible="true" fast="false" fbc:lowerFluxBound="cobra_default_lb" fbc:upperFluxBound="cobra_default_ub">
        <listOfReactants>
          <speciesReference species="M_g3p_c" stoichiometry="1" constant="true"/>
          <speciesReference species="M_nad_c" stoichiometry="1" constant="true"/>
          <speciesReference species="M_pi_c" stoichiometry="1" constant="true"/>
        </listOfReactants>
        <listOfProducts>
          <speciesReference species="M__13dpg_c" stoichiometry="1" constant="true"/>
          <speciesReference species="M_h_c" stoichiometry="1" constant="true"/>
          <speciesReference species="M_nadh_c" stoichiometry="1" constant="true"/>
        </listOfProducts>
        <kineticLaw>
          <math xmlns="http://www.w3.org/1998/Math/MathML">
            <apply>
              <times/>
              <ci> kf_R_GAPD </ci>
              <apply>
                <minus/>
                <apply>
                  <times/>
                  <ci> M_g3p_c </ci>
                  <ci> M_nad_c </ci>
                  <ci> M_pi_c </ci>
                </apply>
                <apply>
                  <divide/>
                  <apply>
                    <times/>
                    <ci> M__13dpg_c </ci>
                    <ci> M_nadh_c </ci>
                  </apply>
                  <ci> Keq_R_GAPD </ci>
                </apply>
              </apply>
            </apply>
          </math>
          <listOfLocalParameters>
            <localParameter id="kf_R_GAPD" value="3376.75"/>
            <localParameter id="Keq_R_GAPD" value="0.0179"/>
          </listOfLocalParameters>
        </kineticLaw>
      </reaction>
      <reaction id="R_PGK" name="Phosphoglycerate kinase" reversible="true" fast="false" fbc:lowerFluxBound="cobra_default_lb" fbc:upperFluxBound="cobra_default_ub">
        <listOfReactants>
          <speciesReference species="M__13dpg_c" stoichiometry="1" constant="true"/>
          <speciesReference species="M_adp_c" stoichiometry="1" constant="true"/>
        </listOfReactants>
        <listOfProducts>
          <speciesReference species="M__3pg_c" stoichiometry="1" constant="true"/>
          <speciesReference species="M_atp_c" stoichiometry="1" constant="true"/>
        </listOfProducts>
        <kineticLaw>
          <math xmlns="http://www.w3.org/1998/Math/MathML">
            <apply>
              <times/>
              <ci> kf_R_PGK </ci>
              <apply>
                <minus/>
                <apply>
                  <times/>
                  <ci> M__13dpg_c </ci>
                  <ci> M_adp_c </ci>
                </apply>
                <apply>
                  <divide/>
                  <apply>
                    <times/>
                    <ci> M__3pg_c </ci>
                    <ci> M_atp_c </ci>
                  </apply>
                  <ci> Keq_R_PGK </ci>
                </apply>
              </apply>
            </apply>
          </math>
          <listOfLocalParameters>
            <localParameter id="Keq_R_PGK" value="1800"/>
            <localParameter id="kf_R_PGK" value="1273531.27"/>
          </listOfLocalParameters>
        </kineticLaw>
      </reaction>
      <reaction id="R_PGM" name="Phosphoglycerate mutase" reversible="true" fast="false" fbc:lowerFluxBound="cobra_default_lb" fbc:upperFluxBound="cobra_default_ub">
        <listOfReactants>
          <speciesReference species="M__3pg_c" stoichiometry="1" constant="true"/>
        </listOfReactants>
        <listOfProducts>
          <speciesReference species="M__2pg_c" stoichiometry="1" constant="true"/>
        </listOfProducts>
        <kineticLaw>
          <math xmlns="http://www.w3.org/1998/Math/MathML">
            <apply>
              <times/>
              <ci> kf_R_PGM </ci>
              <apply>
                <minus/>
                <ci> M__3pg_c </ci>
                <apply>
                  <divide/>
                  <ci> M__2pg_c </ci>
                  <ci> Keq_R_PGM </ci>
                </apply>
              </apply>
            </apply>
          </math>
          <listOfLocalParameters>
            <localParameter id="kf_R_PGM" value="4869.57"/>
            <localParameter id="Keq_R_PGM" value="0.147059"/>
          </listOfLocalParameters>
        </kineticLaw>
      </reaction>
      <reaction id="R_ENO" name="Enolase" reversible="true" fast="false" fbc:lowerFluxBound="cobra_default_lb" fbc:upperFluxBound="cobra_default_ub">
        <listOfReactants>
          <speciesReference species="M__2pg_c" stoichiometry="1" constant="true"/>
        </listOfReactants>
        <listOfProducts>
          <speciesReference species="M_h2o_c" stoichiometry="1" constant="true"/>
          <speciesReference species="M_pep_c" stoichiometry="1" constant="true"/>
        </listOfProducts>
        <kineticLaw>
          <math xmlns="http://www.w3.org/1998/Math/MathML">
            <apply>
              <times/>
              <ci> kf_R_ENO </ci>
              <apply>
                <minus/>
                <ci> M__2pg_c </ci>
                <apply>
                  <divide/>
                  <ci> M_pep_c </ci>
                  <ci> Keq_R_ENO </ci>
                </apply>
              </apply>
            </apply>
          </math>
          <listOfLocalParameters>
            <localParameter id="Keq_R_ENO" value="1.69492"/>
            <localParameter id="kf_R_ENO" value="1763.78"/>
          </listOfLocalParameters>
        </kineticLaw>
      </reaction>
      <reaction id="R_PYK" name="Pyruvate kinase" reversible="true" fast="false" fbc:lowerFluxBound="cobra_default_lb" fbc:upperFluxBound="cobra_default_ub">
        <listOfReactants>
          <speciesReference species="M_adp_c" stoichiometry="1" constant="true"/>
          <speciesReference species="M_h_c" stoichiometry="1" constant="true"/>
          <speciesReference species="M_pep_c" stoichiometry="1" constant="true"/>
        </listOfReactants>
        <listOfProducts>
          <speciesReference species="M_atp_c" stoichiometry="1" constant="true"/>
          <speciesReference species="M_pyr_c" stoichiometry="1" constant="true"/>
        </listOfProducts>
        <kineticLaw>
          <math xmlns="http://www.w3.org/1998/Math/MathML">
            <apply>
              <times/>
              <ci> kf_R_PYK </ci>
              <apply>
                <minus/>
                <apply>
                  <times/>
                  <ci> M_adp_c </ci>
                  <ci> M_pep_c </ci>
                </apply>
                <apply>
                  <divide/>
                  <apply>
                    <times/>
                    <ci> M_atp_c </ci>
                    <ci> M_pyr_c </ci>
                  </apply>
                  <ci> Keq_R_PYK </ci>
                </apply>
              </apply>
            </apply>
          </math>
          <listOfLocalParameters>
            <localParameter id="kf_R_PYK" value="454.386"/>
            <localParameter id="Keq_R_PYK" value="363000"/>
          </listOfLocalParameters>
        </kineticLaw>
      </reaction>
      <reaction id="R_LDH_L" name="L-lactate dehydrogenase" reversible="true" fast="false" fbc:lowerFluxBound="cobra_default_lb" fbc:upperFluxBound="cobra_default_ub">
        <listOfReactants>
          <speciesReference species="M_h_c" stoichiometry="1" constant="true"/>
          <speciesReference species="M_nadh_c" stoichiometry="1" constant="true"/>
          <speciesReference species="M_pyr_c" stoichiometry="1" constant="true"/>
        </listOfReactants>
        <listOfProducts>
          <speciesReference species="M_lac__L_c" stoichiometry="1" constant="true"/>
          <speciesReference species="M_nad_c" stoichiometry="1" constant="true"/>
        </listOfProducts>
        <kineticLaw>
          <math xmlns="http://www.w3.org/1998/Math/MathML">
            <apply>
              <times/>
              <ci> kf_R_LDH_L </ci>
              <apply>
                <minus/>
                <apply>
                  <times/>
                  <ci> M_nadh_c </ci>
                  <ci> M_pyr_c </ci>
                </apply>
                <apply>
                  <divide/>
                  <apply>
                    <times/>
                    <ci> M_lac__L_c </ci>
                    <ci> M_nad_c </ci>
                  </apply>
                  <ci> Keq_R_LDH_L </ci>
                </apply>
              </apply>
            </apply>
          </math>
          <listOfLocalParameters>
            <localParameter id="Keq_R_LDH_L" value="26300"/>
            <localParameter id="kf_R_LDH_L" value="1112.57"/>
          </listOfLocalParameters>
        </kineticLaw>
      </reaction>
      <reaction metaid="meta_R_DM_amp_c" sboTerm="SBO:0000628" id="R_DM_amp_c" name="AMP demand" reversible="false" fast="false" fbc:lowerFluxBound="cobra_0_bound" fbc:upperFluxBound="cobra_default_ub">
        <listOfReactants>
          <speciesReference species="M_amp_c" stoichiometry="1" constant="true"/>
        </listOfReactants>
        <kineticLaw>
          <math xmlns="http://www.w3.org/1998/Math/MathML">
            <apply>
              <times/>
              <ci> M_amp_c </ci>
              <ci> kf_R_DM_amp_c </ci>
            </apply>
          </math>
          <listOfLocalParameters>
            <localParameter id="kf_R_DM_amp_c" value="0.161424"/>
          </listOfLocalParameters>
        </kineticLaw>
      </reaction>
      <reaction id="R_ADK1" name="Adenylate kinase" reversible="true" fast="false" fbc:lowerFluxBound="cobra_default_lb" fbc:upperFluxBound="cobra_default_ub">
        <listOfReactants>
          <speciesReference species="M_adp_c" stoichiometry="2" constant="true"/>
        </listOfReactants>
        <listOfProducts>
          <speciesReference species="M_amp_c" stoichiometry="1" constant="true"/>
          <speciesReference species="M_atp_c" stoichiometry="1" constant="true"/>
        </listOfProducts>
        <kineticLaw>
          <math xmlns="http://www.w3.org/1998/Math/MathML">
            <apply>
              <times/>
              <ci> kf_R_ADK1 </ci>
              <apply>
                <minus/>
                <apply>
                  <power/>
                  <ci> M_adp_c </ci>
                  <cn> 2 </cn>
                </apply>
                <apply>
                  <divide/>
                  <apply>
                    <times/>
                    <ci> M_amp_c </ci>
                    <ci> M_atp_c </ci>
                  </apply>
                  <ci> Keq_R_ADK1 </ci>
                </apply>
              </apply>
            </apply>
          </math>
          <listOfLocalParameters>
            <localParameter id="Keq_R_ADK1" value="1.65"/>
            <localParameter id="kf_R_ADK1" value="100000"/>
          </listOfLocalParameters>
        </kineticLaw>
      </reaction>
      <reaction metaid="meta_R_SK_pyr_c" sboTerm="SBO:0000632" id="R_SK_pyr_c" name="Pyruvate sink" reversible="true" fast="false" fbc:lowerFluxBound="cobra_default_lb" fbc:upperFluxBound="cobra_default_ub">
        <listOfReactants>
          <speciesReference species="M_pyr_c" stoichiometry="1" constant="true"/>
        </listOfReactants>
        <kineticLaw>
          <math xmlns="http://www.w3.org/1998/Math/MathML">
            <apply>
              <times/>
              <ci> kf_R_SK_pyr_c </ci>
              <apply>
                <minus/>
                <ci> M_pyr_c </ci>
                <apply>
                  <divide/>
                  <ci> pyr_b </ci>
                  <ci> Keq_R_SK_pyr_c </ci>
                </apply>
              </apply>
            </apply>
          </math>
          <listOfLocalParameters>
            <localParameter id="kf_R_SK_pyr_c" value="744.186"/>
            <localParameter id="Keq_R_SK_pyr_c" value="1"/>
            <localParameter id="pyr_b" value="0.06"/>
          </listOfLocalParameters>
        </kineticLaw>
      </reaction>
      <reaction metaid="meta_R_SK_lac__L_c" sboTerm="SBO:0000632" id="R_SK_lac__L_c" name="L-Lactate sink" reversible="true" fast="false" fbc:lowerFluxBound="cobra_default_lb" fbc:upperFluxBound="cobra_default_ub">
        <listOfReactants>
          <speciesReference species="M_lac__L_c" stoichiometry="1" constant="true"/>
        </listOfReactants>
        <kineticLaw>
          <math xmlns="http://www.w3.org/1998/Math/MathML">
            <apply>
              <times/>
              <ci> kf_R_SK_lac__L_c </ci>
              <apply>
                <minus/>
                <ci> M_lac__L_c </ci>
                <apply>
                  <divide/>
                  <ci> lac__L_b </ci>
                  <ci> Keq_R_SK_lac__L_c </ci>
                </apply>
              </apply>
            </apply>
          </math>
          <listOfLocalParameters>
            <localParameter id="lac__L_b" value="1"/>
            <localParameter id="Keq_R_SK_lac__L_c" value="1"/>
            <localParameter id="kf_R_SK_lac__L_c" value="5.6"/>
          </listOfLocalParameters>
        </kineticLaw>
      </reaction>
      <reaction id="R_ATPM" name="ATP maintenance requirement" reversible="false" fast="false" fbc:lowerFluxBound="cobra_default_lb" fbc:upperFluxBound="cobra_default_ub">
        <listOfReactants>
          <speciesReference species="M_atp_c" stoichiometry="1" constant="true"/>
          <speciesReference species="M_h2o_c" stoichiometry="1" constant="true"/>
        </listOfReactants>
        <listOfProducts>
          <speciesReference species="M_adp_c" stoichiometry="1" constant="true"/>
          <speciesReference species="M_h_c" stoichiometry="1" constant="true"/>
          <speciesReference species="M_pi_c" stoichiometry="1" constant="true"/>
        </listOfProducts>
        <kineticLaw>
          <math xmlns="http://www.w3.org/1998/Math/MathML">
            <apply>
              <times/>
              <ci> M_atp_c </ci>
              <ci> kf_R_ATPM </ci>
            </apply>
          </math>
          <listOfLocalParameters>
            <localParameter id="kf_R_ATPM" value="1.4"/>
          </listOfLocalParameters>
        </kineticLaw>
      </reaction>
      <reaction id="R_DM_nadh" name="Demand NADH" reversible="false" fast="false" fbc:lowerFluxBound="cobra_default_lb" fbc:upperFluxBound="cobra_default_ub">
        <listOfReactants>
          <speciesReference species="M_nadh_c" stoichiometry="1" constant="true"/>
        </listOfReactants>
        <listOfProducts>
          <speciesReference species="M_h_c" stoichiometry="1" constant="true"/>
          <speciesReference species="M_nad_c" stoichiometry="1" constant="true"/>
        </listOfProducts>
        <kineticLaw>
          <math xmlns="http://www.w3.org/1998/Math/MathML">
            <apply>
              <times/>
              <ci> M_nadh_c </ci>
              <ci> kf_R_DM_nadh </ci>
            </apply>
          </math>
          <listOfLocalParameters>
            <localParameter id="kf_R_DM_nadh" value="7.44186"/>
          </listOfLocalParameters>
        </kineticLaw>
      </reaction>
      <reaction metaid="meta_R_SK_glc__D_c" sboTerm="SBO:0000632" id="R_SK_glc__D_c" name="D-Glucose sink" reversible="true" fast="false" fbc:lowerFluxBound="cobra_default_lb" fbc:upperFluxBound="cobra_default_ub">
        <listOfProducts>
          <speciesReference species="M_glc__D_c" stoichiometry="1" constant="true"/>
        </listOfProducts>
        <kineticLaw>
          <math xmlns="http://www.w3.org/1998/Math/MathML">
            <apply>
              <times/>
              <ci> kf_R_SK_glc__D_c </ci>
              <apply>
                <minus/>
                <ci> glc__D_b </ci>
                <apply>
                  <divide/>
                  <ci> M_glc__D_c </ci>
                  <ci> Keq_R_SK_glc__D_c </ci>
                </apply>
              </apply>
            </apply>
          </math>
          <listOfLocalParameters>
            <localParameter id="glc__D_b" value="1"/>
            <localParameter id="Keq_R_SK_glc__D_c" value="INF"/>
            <localParameter id="kf_R_SK_glc__D_c" value="1.12"/>
          </listOfLocalParameters>
        </kineticLaw>
      </reaction>
      <reaction metaid="meta_R_SK_amp_c" sboTerm="SBO:0000632" id="R_SK_amp_c" name="AMP sink" reversible="true" fast="false" fbc:lowerFluxBound="cobra_default_lb" fbc:upperFluxBound="cobra_default_ub">
        <listOfProducts>
          <speciesReference species="M_amp_c" stoichiometry="1" constant="true"/>
        </listOfProducts>
        <kineticLaw>
          <math xmlns="http://www.w3.org/1998/Math/MathML">
            <apply>
              <times/>
              <ci> kf_R_SK_amp_c </ci>
              <apply>
                <minus/>
                <ci> amp_b </ci>
                <apply>
                  <divide/>
                  <ci> M_amp_c </ci>
                  <ci> Keq_R_SK_amp_c </ci>
                </apply>
              </apply>
            </apply>
          </math>
          <listOfLocalParameters>
            <localParameter id="kf_R_SK_amp_c" value="0.014"/>
            <localParameter id="amp_b" value="1"/>
            <localParameter id="Keq_R_SK_amp_c" value="INF"/>
          </listOfLocalParameters>
        </kineticLaw>
      </reaction>
      <reaction metaid="meta_R_SK_h_c" sboTerm="SBO:0000632" id="R_SK_h_c" name="H+ sink" reversible="true" fast="false" fbc:lowerFluxBound="cobra_default_lb" fbc:upperFluxBound="cobra_default_ub">
        <listOfReactants>
          <speciesReference species="M_h_c" stoichiometry="1" constant="true"/>
        </listOfReactants>
        <kineticLaw>
          <math xmlns="http://www.w3.org/1998/Math/MathML">
            <apply>
              <times/>
              <ci> kf_R_SK_h_c </ci>
              <apply>
                <minus/>
                <ci> M_h_c </ci>
                <apply>
                  <divide/>
                  <ci> h_b </ci>
                  <ci> Keq_R_SK_h_c </ci>
                </apply>
              </apply>
            </apply>
          </math>
          <listOfLocalParameters>
            <localParameter id="Keq_R_SK_h_c" value="1"/>
            <localParameter id="kf_R_SK_h_c" value="100000"/>
            <localParameter id="h_b" value="8.99757e-05"/>
          </listOfLocalParameters>
        </kineticLaw>
      </reaction>
      <reaction metaid="meta_R_SK_h2o_c" sboTerm="SBO:0000632" id="R_SK_h2o_c" name="H2O sink" reversible="true" fast="false" fbc:lowerFluxBound="cobra_default_lb" fbc:upperFluxBound="cobra_default_ub">
        <listOfReactants>
          <speciesReference species="M_h2o_c" stoichiometry="1" constant="true"/>
        </listOfReactants>
        <kineticLaw>
          <math xmlns="http://www.w3.org/1998/Math/MathML">
            <apply>
              <times/>
              <ci> kf_R_SK_h2o_c </ci>
              <apply>
                <minus/>
                <ci> M_h2o_c </ci>
                <apply>
                  <divide/>
                  <ci> h2o_b </ci>
                  <ci> Keq_R_SK_h2o_c </ci>
                </apply>
              </apply>
            </apply>
          </math>
          <listOfLocalParameters>
            <localParameter id="h2o_b" value="1"/>
            <localParameter id="Keq_R_SK_h2o_c" value="1"/>
            <localParameter id="kf_R_SK_h2o_c" value="100000"/>
          </listOfLocalParameters>
        </kineticLaw>
      </reaction>
      <reaction metaid="meta_R_SK_pi_c" sboTerm="SBO:0000632" id="R_SK_pi_c" name="Phosphate sink" reversible="true" fast="false" fbc:lowerFluxBound="cobra_default_lb" fbc:upperFluxBound="cobra_default_ub">
        <listOfReactants>
          <speciesReference species="M_pi_c" stoichiometry="1" constant="true"/>
        </listOfReactants>
        <kineticLaw>
          <math xmlns="http://www.w3.org/1998/Math/MathML">
            <apply>
              <times/>
              <ci> kf_R_SK_pi_c </ci>
              <apply>
                <minus/>
                <ci> M_pi_c </ci>
                <apply>
                  <divide/>
                  <ci> pi_b </ci>
                  <ci> Keq_R_SK_pi_c </ci>
                </apply>
              </apply>
            </apply>
          </math>
          <listOfLocalParameters>
            <localParameter id="kf_R_SK_pi_c" value="0.23"/>
            <localParameter id="pi_b" value="2.5"/>
            <localParameter id="Keq_R_SK_pi_c" value="1"/>
          </listOfLocalParameters>
        </kineticLaw>
      </reaction>
      <reaction id="R_DPGM" name="Diphosphoglyceromutase" reversible="true" fast="false" fbc:lowerFluxBound="cobra_default_lb" fbc:upperFluxBound="cobra_default_ub">
        <listOfReactants>
          <speciesReference species="M__13dpg_c" stoichiometry="1" constant="true"/>
        </listOfReactants>
        <listOfProducts>
          <speciesReference species="M__23dpg_c" stoichiometry="1" constant="true"/>
          <speciesReference species="M_h_c" stoichiometry="1" constant="true"/>
        </listOfProducts>
        <kineticLaw>
          <math xmlns="http://www.w3.org/1998/Math/MathML">
            <apply>
              <times/>
              <ci> kf_R_DPGM </ci>
              <apply>
                <minus/>
                <ci> M__13dpg_c </ci>
                <apply>
                  <divide/>
                  <ci> M__23dpg_c </ci>
                  <ci> Keq_R_DPGM </ci>
                </apply>
              </apply>
            </apply>
          </math>
          <listOfLocalParameters>
            <localParameter id="Keq_R_DPGM" value="2300000"/>
            <localParameter id="kf_R_DPGM" value="1814.81"/>
          </listOfLocalParameters>
        </kineticLaw>
      </reaction>
      <reaction id="R_DPGase" name="Diphosphoglycerate phosphatase" reversible="false" fast="false" fbc:lowerFluxBound="cobra_default_lb" fbc:upperFluxBound="cobra_default_ub">
        <listOfReactants>
          <speciesReference species="M__23dpg_c" stoichiometry="1" constant="true"/>
          <speciesReference species="M_h2o_c" stoichiometry="1" constant="true"/>
        </listOfReactants>
        <listOfProducts>
          <speciesReference species="M__3pg_c" stoichiometry="1" constant="true"/>
          <speciesReference species="M_pi_c" stoichiometry="1" constant="true"/>
        </listOfProducts>
        <kineticLaw>
          <math xmlns="http://www.w3.org/1998/Math/MathML">
            <apply>
              <times/>
              <ci> M__23dpg_c </ci>
              <ci> kf_R_DPGase </ci>
            </apply>
          </math>
          <listOfLocalParameters>
            <localParameter id="kf_R_DPGase" value="0.142258"/>
          </listOfLocalParameters>
        </kineticLaw>
      </reaction>
      <reaction id="R_HBO1" name="Oxygen Loading (1)" reversible="true" fast="false" fbc:lowerFluxBound="cobra_default_lb" fbc:upperFluxBound="cobra_default_ub">
        <listOfReactants>
          <speciesReference species="M_hb_c" stoichiometry="1" constant="true"/>
          <speciesReference species="M_o2_c" stoichiometry="1" constant="true"/>
        </listOfReactants>
        <listOfProducts>
          <speciesReference species="M_hb_1o2_c" stoichiometry="1" constant="true"/>
        </listOfProducts>
        <kineticLaw>
          <math xmlns="http://www.w3.org/1998/Math/MathML">
            <apply>
              <times/>
              <ci> kf_R_HBO1 </ci>
              <apply>
                <minus/>
                <apply>
                  <times/>
                  <ci> M_hb_c </ci>
                  <ci> M_o2_c </ci>
                </apply>
                <apply>
                  <divide/>
                  <ci> M_hb_1o2_c </ci>
                  <ci> Keq_R_HBO1 </ci>
                </apply>
              </apply>
            </apply>
          </math>
          <listOfLocalParameters>
            <localParameter id="Keq_R_HBO1" value="41.8352"/>
            <localParameter id="kf_R_HBO1" value="506935"/>
          </listOfLocalParameters>
        </kineticLaw>
      </reaction>
      <reaction id="R_HBO2" name="Oxygen Loading (2)" reversible="true" fast="false" fbc:lowerFluxBound="cobra_default_lb" fbc:upperFluxBound="cobra_default_ub">
        <listOfReactants>
          <speciesReference species="M_hb_1o2_c" stoichiometry="1" constant="true"/>
          <speciesReference species="M_o2_c" stoichiometry="1" constant="true"/>
        </listOfReactants>
        <listOfProducts>
          <speciesReference species="M_hb_2o2_c" stoichiometry="1" constant="true"/>
        </listOfProducts>
        <kineticLaw>
          <math xmlns="http://www.w3.org/1998/Math/MathML">
            <apply>
              <times/>
              <ci> kf_R_HBO2 </ci>
              <apply>
                <minus/>
                <apply>
                  <times/>
                  <ci> M_hb_1o2_c </ci>
                  <ci> M_o2_c </ci>
                </apply>
                <apply>
                  <divide/>
                  <ci> M_hb_2o2_c </ci>
                  <ci> Keq_R_HBO2 </ci>
                </apply>
              </apply>
            </apply>
          </math>
          <listOfLocalParameters>
            <localParameter id="Keq_R_HBO2" value="73.2115"/>
            <localParameter id="kf_R_HBO2" value="511077"/>
          </listOfLocalParameters>
        </kineticLaw>
      </reaction>
      <reaction id="R_HBO3" name="Oxygen Loading (3)" reversible="true" fast="false" fbc:lowerFluxBound="cobra_default_lb" fbc:upperFluxBound="cobra_default_ub">
        <listOfReactants>
          <speciesReference species="M_hb_2o2_c" stoichiometry="1" constant="true"/>
          <speciesReference species="M_o2_c" stoichiometry="1" constant="true"/>
        </listOfReactants>
        <listOfProducts>
          <speciesReference species="M_hb_3o2_c" stoichiometry="1" constant="true"/>
        </listOfProducts>
        <kineticLaw>
          <math xmlns="http://www.w3.org/1998/Math/MathML">
            <apply>
              <times/>
              <ci> kf_R_HBO3 </ci>
              <apply>
                <minus/>
                <apply>
                  <times/>
                  <ci> M_hb_2o2_c </ci>
                  <ci> M_o2_c </ci>
                </apply>
                <apply>
                  <divide/>
                  <ci> M_hb_3o2_c </ci>
                  <ci> Keq_R_HBO3 </ci>
                </apply>
              </apply>
            </apply>
          </math>
          <listOfLocalParameters>
            <localParameter id="kf_R_HBO3" value="509243"/>
            <localParameter id="Keq_R_HBO3" value="177.799"/>
          </listOfLocalParameters>
        </kineticLaw>
      </reaction>
      <reaction id="R_HBO4" name="Oxygen Loading (4)" reversible="true" fast="false" fbc:lowerFluxBound="cobra_default_lb" fbc:upperFluxBound="cobra_default_ub">
        <listOfReactants>
          <speciesReference species="M_hb_3o2_c" stoichiometry="1" constant="true"/>
          <speciesReference species="M_o2_c" stoichiometry="1" constant="true"/>
        </listOfReactants>
        <listOfProducts>
          <speciesReference species="M_hb_4o2_c" stoichiometry="1" constant="true"/>
        </listOfProducts>
        <kineticLaw>
          <math xmlns="http://www.w3.org/1998/Math/MathML">
            <apply>
              <times/>
              <ci> kf_R_HBO4 </ci>
              <apply>
                <minus/>
                <apply>
                  <times/>
                  <ci> M_hb_3o2_c </ci>
                  <ci> M_o2_c </ci>
                </apply>
                <apply>
                  <divide/>
                  <ci> M_hb_4o2_c </ci>
                  <ci> Keq_R_HBO4 </ci>
                </apply>
              </apply>
            </apply>
          </math>
          <listOfLocalParameters>
            <localParameter id="kf_R_HBO4" value="501595"/>
            <localParameter id="Keq_R_HBO4" value="1289.92"/>
          </listOfLocalParameters>
        </kineticLaw>
      </reaction>
      <reaction id="R_HBDPG" name="Hemoglobin-23dpg binding" reversible="true" fast="false" fbc:lowerFluxBound="cobra_default_lb" fbc:upperFluxBound="cobra_default_ub">
        <listOfReactants>
          <speciesReference species="M__23dpg_c" stoichiometry="1" constant="true"/>
          <speciesReference species="M_hb_c" stoichiometry="1" constant="true"/>
        </listOfReactants>
        <listOfProducts>
          <speciesReference species="M_dhb_c" stoichiometry="1" constant="true"/>
        </listOfProducts>
        <kineticLaw>
          <math xmlns="http://www.w3.org/1998/Math/MathML">
            <apply>
              <times/>
              <ci> kf_R_HBDPG </ci>
              <apply>
                <minus/>
                <apply>
                  <times/>
                  <ci> M__23dpg_c </ci>
                  <ci> M_hb_c </ci>
                </apply>
                <apply>
                  <divide/>
                  <ci> M_dhb_c </ci>
                  <ci> Keq_R_HBDPG </ci>
                </apply>
              </apply>
            </apply>
          </math>
          <listOfLocalParameters>
            <localParameter id="Keq_R_HBDPG" value="0.25"/>
            <localParameter id="kf_R_HBDPG" value="519613"/>
          </listOfLocalParameters>
        </kineticLaw>
      </reaction>
      <reaction metaid="meta_R_SK_o2_c" sboTerm="SBO:0000632" id="R_SK_o2_c" name="Oxygen sink" reversible="true" fast="false" fbc:lowerFluxBound="cobra_default_lb" fbc:upperFluxBound="cobra_default_ub">
        <listOfReactants>
          <speciesReference species="M_o2_c" stoichiometry="1" constant="true"/>
        </listOfReactants>
        <kineticLaw>
          <math xmlns="http://www.w3.org/1998/Math/MathML">
            <apply>
              <times/>
              <ci> kf_R_SK_o2_c </ci>
              <apply>
                <minus/>
                <ci> M_o2_c </ci>
                <apply>
                  <divide/>
                  <ci> o2_b </ci>
                  <ci> Keq_R_SK_o2_c </ci>
                </apply>
              </apply>
            </apply>
          </math>
          <listOfLocalParameters>
            <localParameter id="kf_R_SK_o2_c" value="509726"/>
            <localParameter id="Keq_R_SK_o2_c" value="1"/>
            <localParameter id="o2_b" value="0.0200788"/>
          </listOfLocalParameters>
        </kineticLaw>
      </reaction>
    </listOfReactions>
  </model>
</sbml>
